id,cafe,degree_of_fit,keyword,colors,pop,seasonal,review_count,nagativereview,sentiment_0_count
0,17도씨,"[0.054, 0.0127, 0.0159, 0.0108, 0.0187, 0.0107, 0.0168, 0.0309, 0.0136, 0.0263, 0.0097, 0.0125, 0.0088, 0.0266, 0.0107, 0.0163, 0.0124, 0.0226, 0.0152, 0.0101, 0.1325, 0.013, 0.016, 0.0163, 0.0948, 0.0133, 0.0377, 0.0088, 0.0122, 0.0145, 0.0113, 0.0345, 0.0088, 0.012, 0.0118, 0.0191, 0.0088, 0.0125, 0.0138, 0.0215, 0.0158, 0.0238, 0.0193, 0.012, 0.0161, 0.0211, 0.0099, 0.0138]","초콜릿, 빙수, 음료, 웨이팅, 분위기","((202, 195, 183), (200, 200, 100))",none,none,3,케이크는 평범.,1
1,1984,"[0.0363, 0.0371, 0.0135, 0.0094, 0.0156, 0.0203, 0.0159, 0.0305, 0.0134, 0.0142, 0.0105, 0.0102, 0.0108, 0.0372, 0.0096, 0.0364, 0.0112, 0.1099, 0.0152, 0.0092, 0.0404, 0.0171, 0.0308, 0.0122, 0.0292, 0.0274, 0.0098, 0.0092, 0.0139, 0.0092, 0.0164, 0.0531, 0.0092, 0.0102, 0.0111, 0.0181, 0.0105, 0.0116, 0.0137, 0.0126, 0.0119, 0.0252, 0.0323, 0.029, 0.0302, 0.0139, 0.0132, 0.0125]","분위기, 커피, 샌드위치, 레몬, 넓습니다","((122, 102, 79), (200, 200, 100))",none,none,3,갈 때마다 불친절해요 말투도 불친절하고 커피 탁탁 놓고 영수증은 꾸겨서 던지고 생난리네 몇 번 더 가면 다를 줄 알았는데 매번 같으니 뭐 다시 갈 일은 없을 것 같네요.,1
2,943 킹스크로스CAFE,"[0.0257, 0.015, 0.0192, 0.0118, 0.0199, 0.0085, 0.0083, 0.0805, 0.0136, 0.0085, 0.01, 0.0142, 0.0081, 0.0736, 0.0668, 0.0321, 0.0102, 0.1017, 0.0084, 0.0085, 0.0112, 0.0089, 0.0683, 0.0203, 0.0211, 0.0108, 0.0081, 0.0081, 0.0081, 0.0084, 0.0085, 0.0716, 0.0081, 0.0087, 0.0081, 0.0125, 0.0133, 0.0088, 0.0089, 0.0128, 0.0147, 0.0248, 0.0149, 0.0153, 0.0202, 0.013, 0.0092, 0.0082]","해리포터, 음료, 인테리어, 분위기, 포토존","((202, 195, 183), (200, 200, 100))",none,none,52,,0
3,공상온도,"[0.039, 0.0274, 0.014, 0.0087, 0.0166, 0.0121, 0.0089, 0.0451, 0.0082, 0.0126, 0.0155, 0.0104, 0.0109, 0.026, 0.0145, 0.0813, 0.0128, 0.0984, 0.0084, 0.0082, 0.0164, 0.0082, 0.0324, 0.0102, 0.013, 0.0285, 0.0088, 0.0103, 0.0244, 0.0082, 0.0197, 0.0448, 0.0082, 0.0148, 0.0082, 0.016, 0.0082, 0.0149, 0.012, 0.0089, 0.0132, 0.0472, 0.0518, 0.0269, 0.0205, 0.0195, 0.014, 0.0117]","분위기, 반지하, 음료, 인테리어, 음악","((122, 102, 79), (100, 150, 200))",none,"Spring, Winter",0,,0
4,나와 나타샤,"[0.0398, 0.0212, 0.0106, 0.0141, 0.0105, 0.0108, 0.0107, 0.0483, 0.0088, 0.0193, 0.0348, 0.01, 0.0089, 0.0148, 0.012, 0.0199, 0.0095, 0.0399, 0.0109, 0.0108, 0.031, 0.0156, 0.0437, 0.0288, 0.0246, 0.0126, 0.0095, 0.0137, 0.0289, 0.0219, 0.0116, 0.0904, 0.011, 0.0118, 0.0108, 0.0216, 0.0154, 0.0085, 0.0131, 0.0362, 0.0308, 0.0289, 0.0144, 0.0228, 0.0329, 0.022, 0.0089, 0.0128]","케이크, 음료, 포장, 분위기, 도넛","((202, 195, 183), (100, 150, 200))",none,"Spring, Summer",1,,0
5,낙랑파라,"[0.0434, 0.0222, 0.0119, 0.0117, 0.0153, 0.0172, 0.0132, 0.0333, 0.0129, 0.015, 0.0276, 0.0387, 0.0103, 0.0436, 0.0162, 0.0259, 0.0117, 0.075, 0.013, 0.0133, 0.0285, 0.0161, 0.0377, 0.0124, 0.0188, 0.0315, 0.0149, 0.014, 0.0108, 0.0152, 0.0261, 0.0527, 0.0122, 0.0096, 0.0108, 0.0139, 0.0111, 0.0125, 0.0115, 0.0142, 0.014, 0.0299, 0.0214, 0.0204, 0.0278, 0.016, 0.0146, 0.0099]","분위기, 라테, 인테리어, 지하, 땅콩","((63, 51, 39), (200, 200, 100))",none,none,6,넓고 분위기 좋아 보여서 들어왔는데 맛이 많이 떨어져서 아쉬워요.,2
6,뉴욕 베이글랜드 홍대본점,"[0.0523, 0.0148, 0.0105, 0.0088, 0.0143, 0.039, 0.0106, 0.024, 0.0121, 0.0249, 0.0686, 0.0136, 0.0085, 0.0212, 0.0107, 0.0369, 0.0501, 0.0575, 0.0122, 0.0089, 0.0178, 0.0201, 0.0365, 0.0161, 0.0146, 0.0187, 0.0108, 0.0089, 0.0104, 0.0093, 0.0132, 0.05, 0.017, 0.0095, 0.0086, 0.0281, 0.0134, 0.015, 0.0095, 0.0173, 0.0108, 0.0653, 0.0173, 0.0116, 0.0157, 0.0101, 0.011, 0.0139]","베이글, 종류, 분위기, 좌석, 초코라테","((202, 195, 183), (100, 150, 200))",none,none,666,사가모맨베이어그루이 갔었다! 조사는 사람도 적게 나갑니다만! 조사는 사람도 적게 나갑니다만! 조사는 사람도 적게 나갑니다만! 조사는 사람도 적게 나갑니다만! 조사는 사람도 적게 나갑니까?,2
7,단하나케이크 홍대점,"[0.0941, 0.0109, 0.0116, 0.0087, 0.0298, 0.018, 0.0172, 0.0497, 0.0136, 0.0117, 0.0094, 0.0125, 0.0087, 0.0278, 0.0146, 0.0235, 0.0087, 0.044, 0.0115, 0.0087, 0.0124, 0.0168, 0.0637, 0.0182, 0.0094, 0.0156, 0.0129, 0.0087, 0.0239, 0.0091, 0.0124, 0.097, 0.0087, 0.0087, 0.0103, 0.057, 0.0123, 0.0101, 0.0153, 0.0179, 0.0238, 0.0224, 0.0096, 0.0158, 0.0132, 0.0221, 0.0098, 0.0087]","케이크, 생크림, 친절하고, 재밌게, 퀄리티","((157, 156, 151), (100, 180, 100))",none,Fall,1,,0
8,더블유오앤,"[0.0489, 0.0201, 0.0127, 0.0105, 0.0133, 0.0125, 0.011, 0.0351, 0.0167, 0.0191, 0.0135, 0.0175, 0.0084, 0.033, 0.012, 0.0349, 0.0099, 0.1051, 0.0104, 0.0083, 0.0196, 0.0146, 0.0694, 0.0156, 0.0169, 0.0224, 0.0118, 0.0087, 0.0124, 0.0132, 0.0091, 0.0615, 0.0098, 0.0113, 0.0098, 0.0162, 0.0102, 0.0096, 0.0101, 0.0154, 0.0163, 0.0541, 0.0171, 0.0201, 0.0315, 0.011, 0.0173, 0.0125]","분위기, 인테리어, 커피, 디저트, 대형","((157, 156, 151), (100, 150, 200))",none,none,76,기분 좋게 일요일 저녁에 공간이 이쁜 카페를 찾다가 방문했습니다 디저트 고르고 계산하시려고 카운터로 갔더니 여자 직원분이 포스키 앞에서 뭘 정리하시는지 저희를 쳐다 보시지도 않으시고 옆에 계시던 남자 직원분이 도와 주시려다가 포스 뭘 잘못 누르셨는지 저희가 다 혼나는 거 마냥 눈치 보였습니다 셋이 가서 디저트도 3개에 음료 2잔 시켰는데 음료는 꼭 1인 1음료를 해야 한다 하고 이럴 줄 알았으면 굳이 여기 안 왔을 텐데요 ;; 정말 기분 좋지 않은 응대를 받아서 다신 여기 안 옵니다 지인들에게도 가지 말라고 말리고 싶을 정도네요.,3
9,도란도란,"[0.0469, 0.0095, 0.0127, 0.0074, 0.0346, 0.0091, 0.0117, 0.0445, 0.0076, 0.0088, 0.026, 0.0182, 0.0067, 0.0146, 0.0563, 0.0542, 0.0085, 0.075, 0.0529, 0.0067, 0.0148, 0.0085, 0.0547, 0.017, 0.0139, 0.0115, 0.0069, 0.0067, 0.0141, 0.0067, 0.007, 0.0442, 0.0067, 0.029, 0.0067, 0.0541, 0.052, 0.0122, 0.0094, 0.0084, 0.0154, 0.0207, 0.0102, 0.0084, 0.0131, 0.0206, 0.0082, 0.0067]","타코야끼, 데이트, 분위기, 코타츠, 문어","((202, 195, 183), (200, 200, 100))",none,none,83,환기가 너무 안 되고 답답했어요 너무 답답하고 냄새도 심하게 배어서 한 시간도 못 있고 나왔어요 독특해서 한 번은 가볼만하지만 재방문은 글쎄요 .,1
10,땡스네이쳐카페,"[0.0322, 0.0135, 0.0311, 0.0112, 0.0248, 0.0202, 0.0147, 0.0263, 0.0113, 0.0165, 0.0131, 0.035, 0.0101, 0.0233, 0.0163, 0.0205, 0.0135, 0.0512, 0.0119, 0.011, 0.0306, 0.0139, 0.0379, 0.0121, 0.0281, 0.0215, 0.013, 0.0098, 0.0169, 0.0129, 0.0118, 0.0343, 0.0181, 0.0107, 0.0475, 0.0183, 0.0155, 0.0119, 0.0098, 0.0179, 0.022, 0.0239, 0.0116, 0.0202, 0.084, 0.0149, 0.011, 0.012]","귀여워요, 와플, 빙수, 존맛탱, 신기했어요","((63, 51, 39), (200, 50, 50))",none,none,2,,0
11,띵크프룻,"[0.0427, 0.0212, 0.0128, 0.0094, 0.0147, 0.0128, 0.0179, 0.0212, 0.0241, 0.0946, 0.0176, 0.0119, 0.0085, 0.0348, 0.0097, 0.0186, 0.0106, 0.0395, 0.014, 0.0082, 0.0152, 0.0147, 0.0347, 0.0569, 0.0202, 0.02, 0.0188, 0.0083, 0.0119, 0.0184, 0.0108, 0.0337, 0.0181, 0.0112, 0.0118, 0.0202, 0.01, 0.0131, 0.0103, 0.049, 0.0184, 0.0399, 0.0162, 0.0122, 0.0237, 0.0132, 0.0096, 0.0143]","수플레, 팬케이크, 딸기, 음료, 이쁜","((122, 102, 79), (200, 200, 100))",hot,none,143,그냥 그래요 일단 넘 비싸요.,3
12,라헬의부엌 홍대점,"[0.0545, 0.0256, 0.0114, 0.0103, 0.0122, 0.0154, 0.0191, 0.0223, 0.0217, 0.1069, 0.0194, 0.0135, 0.0083, 0.028, 0.0094, 0.0179, 0.0103, 0.0391, 0.0135, 0.0093, 0.0177, 0.011, 0.032, 0.0818, 0.0187, 0.0197, 0.0176, 0.0083, 0.0125, 0.0185, 0.0098, 0.0314, 0.0094, 0.0101, 0.0089, 0.0238, 0.0097, 0.012, 0.0088, 0.0299, 0.023, 0.0246, 0.0159, 0.0197, 0.02, 0.0103, 0.0111, 0.0156]","수플레, 팬케이크, 디저트, 편했어요, 야외","((157, 156, 151), (100, 180, 100))",none,none,9,,0
13,롱베케이션,"[0.0269, 0.0176, 0.045, 0.0081, 0.0135, 0.0127, 0.0187, 0.0164, 0.0105, 0.0156, 0.0118, 0.0486, 0.0269, 0.0224, 0.0107, 0.0129, 0.0081, 0.0665, 0.0136, 0.0073, 0.0187, 0.0126, 0.0418, 0.0136, 0.0217, 0.0149, 0.0098, 0.0077, 0.0123, 0.0094, 0.009, 0.0383, 0.0117, 0.0088, 0.0075, 0.0143, 0.0103, 0.0098, 0.009, 0.1444, 0.0118, 0.019, 0.019, 0.0141, 0.06, 0.0105, 0.0172, 0.009]","말차, 분위기, 푸딩, 커피, 일본","((202, 195, 183), (100, 180, 100))",none,Spring,3,매우 불친절한데 맛도 위생도 맛 보통 불친절할 때 맛있으면 용서가 되는 편인데요.,1
14,리밀앤밀리,"[0.0278, 0.0173, 0.0095, 0.0136, 0.0137, 0.0156, 0.0271, 0.0409, 0.0154, 0.0451, 0.0149, 0.0315, 0.0092, 0.0418, 0.0124, 0.0304, 0.0103, 0.0362, 0.0247, 0.009, 0.0253, 0.0113, 0.0266, 0.0305, 0.0175, 0.0181, 0.0202, 0.0082, 0.0145, 0.0219, 0.0279, 0.0277, 0.0082, 0.0101, 0.055, 0.0153, 0.0129, 0.0149, 0.0158, 0.0223, 0.0202, 0.0451, 0.0133, 0.0207, 0.0153, 0.0093, 0.0111, 0.0143]","휘낭시에, 커피, 분위기, 디저트, 크림라떼","((202, 195, 183), (100, 150, 200))",none,none,8,,0
15,리틀빅토리,"[0.0263, 0.0176, 0.0131, 0.0135, 0.0135, 0.0156, 0.0152, 0.0317, 0.0132, 0.0382, 0.0147, 0.0336, 0.0103, 0.0159, 0.0131, 0.0167, 0.013, 0.0207, 0.1384, 0.0111, 0.0156, 0.0119, 0.0246, 0.0129, 0.0151, 0.0165, 0.0109, 0.0118, 0.0124, 0.0224, 0.0122, 0.0309, 0.013, 0.0103, 0.0264, 0.0226, 0.0128, 0.0497, 0.0155, 0.017, 0.0153, 0.0425, 0.0141, 0.0139, 0.0221, 0.0136, 0.0163, 0.0124]","까눌레, 마카롱, 휘낭시에, 소금, 마들렌","((63, 51, 39), (200, 200, 100))",none,none,6,,0
16,리히트,"[0.0268, 0.0146, 0.0191, 0.0221, 0.0178, 0.0099, 0.0315, 0.0319, 0.0113, 0.0163, 0.018, 0.0171, 0.0075, 0.021, 0.0113, 0.0258, 0.0098, 0.028, 0.0138, 0.0077, 0.013, 0.011, 0.0259, 0.0253, 0.0125, 0.0112, 0.0084, 0.007, 0.027, 0.0148, 0.0287, 0.1433, 0.0073, 0.0081, 0.0077, 0.0299, 0.0117, 0.0102, 0.0237, 0.031, 0.0283, 0.0349, 0.0111, 0.0316, 0.0191, 0.0383, 0.0077, 0.0105]","케이크, 귀여운데, 순식간, 맛있다, 부드럽고","((202, 195, 183), (100, 150, 200))",none,none,19,,0
17,말릭커피,"[0.0344, 0.0296, 0.0122, 0.0127, 0.0281, 0.0184, 0.0165, 0.0281, 0.0126, 0.0444, 0.019, 0.0225, 0.008, 0.0638, 0.0255, 0.0178, 0.0093, 0.0637, 0.0258, 0.0173, 0.0407, 0.012, 0.0127, 0.0184, 0.0193, 0.0248, 0.0084, 0.008, 0.0119, 0.0165, 0.0145, 0.0476, 0.0082, 0.008, 0.0155, 0.0253, 0.0087, 0.0082, 0.0085, 0.0165, 0.0212, 0.0308, 0.0278, 0.034, 0.0162, 0.0093, 0.0085, 0.0089]","커피, 콜롬비아, 분위기, 크림라떼, 진열","((157, 156, 151), (200, 50, 50))",none,none,13,땅콩 소진으로 시그니처 메뉴 못 먹어서 아쉬워.,1
18,메이비 케이크 홍대본점,"[0.0264, 0.0191, 0.0153, 0.0159, 0.0132, 0.0131, 0.0247, 0.028, 0.0166, 0.0158, 0.0177, 0.0236, 0.0102, 0.0212, 0.0132, 0.0145, 0.0229, 0.0223, 0.0123, 0.0126, 0.0138, 0.0102, 0.0265, 0.0476, 0.0204, 0.0126, 0.0132, 0.0102, 0.0224, 0.0296, 0.0171, 0.0798, 0.0102, 0.011, 0.0125, 0.0164, 0.0102, 0.0102, 0.019, 0.0786, 0.0306, 0.0233, 0.0167, 0.0226, 0.0167, 0.0336, 0.013, 0.0136]","케이크, 딸기, 녹아요, 가족, 파티","((157, 156, 151), (200, 200, 100))",none,"Fall, Spring",1,,0
19,멜팅오브,"[0.0359, 0.0136, 0.0323, 0.0105, 0.0132, 0.0145, 0.0126, 0.0268, 0.0183, 0.0341, 0.0121, 0.0176, 0.0067, 0.0405, 0.0119, 0.0388, 0.0101, 0.0584, 0.0186, 0.0067, 0.0204, 0.0123, 0.0817, 0.0131, 0.0147, 0.0178, 0.008, 0.0073, 0.0098, 0.0322, 0.0093, 0.0437, 0.0143, 0.0105, 0.0096, 0.0245, 0.0116, 0.0136, 0.0107, 0.0204, 0.0137, 0.0463, 0.0108, 0.0283, 0.0408, 0.0128, 0.0165, 0.0119]","디저트, 파르페, 찍고, 즐길, 토핑","((157, 156, 151), (200, 200, 100))",none,Winter,0,,0
20,모멘트커피 2호점,"[0.0287, 0.0112, 0.0281, 0.0165, 0.0181, 0.0143, 0.0137, 0.0301, 0.014, 0.0138, 0.016, 0.0367, 0.0089, 0.0365, 0.0172, 0.0366, 0.0101, 0.07, 0.0177, 0.0099, 0.0187, 0.0119, 0.0303, 0.0223, 0.022, 0.0153, 0.0121, 0.0195, 0.0102, 0.0141, 0.0126, 0.0419, 0.0103, 0.0105, 0.0114, 0.0141, 0.0464, 0.0124, 0.0144, 0.0246, 0.0178, 0.025, 0.0271, 0.0267, 0.0325, 0.0198, 0.0158, 0.0121]","구워, 분위기, 딸기, 커피, 식빵","((202, 195, 183), (200, 200, 100))",none,none,5,,0
21,모파상,"[0.0281, 0.0246, 0.0117, 0.0165, 0.0141, 0.0125, 0.013, 0.0367, 0.014, 0.0333, 0.0162, 0.0121, 0.0107, 0.0329, 0.0147, 0.0194, 0.0113, 0.0353, 0.1695, 0.0116, 0.0146, 0.0132, 0.0265, 0.0305, 0.0199, 0.0148, 0.0131, 0.0111, 0.0131, 0.0181, 0.0134, 0.0288, 0.0148, 0.0098, 0.014, 0.0139, 0.0119, 0.0106, 0.0134, 0.0247, 0.0177, 0.0248, 0.0135, 0.0123, 0.0184, 0.0143, 0.0195, 0.0109]","까눌레, 디저트, 커피, 천천히, 분위기","((157, 156, 151), (100, 150, 200))",none,none,4,,0
22,몰리하우스 연남,"[0.033, 0.0121, 0.0202, 0.0142, 0.0204, 0.012, 0.0081, 0.0307, 0.0145, 0.02, 0.0256, 0.0317, 0.0073, 0.0327, 0.0076, 0.0319, 0.0158, 0.056, 0.0259, 0.0105, 0.0109, 0.0122, 0.0282, 0.0145, 0.011, 0.0218, 0.0086, 0.0073, 0.0128, 0.0352, 0.0083, 0.0449, 0.0236, 0.0084, 0.0073, 0.0271, 0.0139, 0.0449, 0.014, 0.0142, 0.0212, 0.0568, 0.0208, 0.0263, 0.0265, 0.0154, 0.0236, 0.0102]","분위기, 고구마, 바게트, 커피, 브륄레","((202, 195, 183), (100, 150, 200))",none,none,44,,0
23,버터베이커리,"[0.0359, 0.0214, 0.0147, 0.0126, 0.019, 0.0189, 0.0168, 0.0278, 0.0146, 0.0334, 0.0314, 0.0271, 0.0111, 0.0289, 0.0149, 0.0192, 0.0307, 0.0301, 0.0208, 0.0158, 0.0166, 0.0143, 0.0168, 0.0211, 0.0164, 0.0216, 0.0149, 0.014, 0.0176, 0.0276, 0.0139, 0.0341, 0.0123, 0.015, 0.0141, 0.0161, 0.0192, 0.0134, 0.0139, 0.0176, 0.0242, 0.0824, 0.016, 0.0184, 0.0197, 0.0153, 0.0126, 0.0157]","버터, 바게트, 고르곤졸라, 치아바타, 잠봉뵈르","((157, 156, 151), (100, 150, 200))",none,none,11,버터베이커리를 오랜 시간 이용해 온 팬인데요 이거는 말씀드려야 할 것 같아요 어제 에그타르트를 먹었는데 빵 부분에서 피자빵 페퍼로니 소시지 빵 같은 향이 너무 강하게 나서 먹는 내내 힘들었습니다 .,3
24,버티컬커피,"[0.0302, 0.0216, 0.0134, 0.0083, 0.0162, 0.0109, 0.0195, 0.0267, 0.0133, 0.0291, 0.0242, 0.0121, 0.0062, 0.0316, 0.0125, 0.0266, 0.0098, 0.0513, 0.0122, 0.0064, 0.0176, 0.0178, 0.0466, 0.0205, 0.0292, 0.0143, 0.0109, 0.0062, 0.0315, 0.0167, 0.0078, 0.0641, 0.0077, 0.0074, 0.0348, 0.017, 0.0116, 0.0136, 0.0115, 0.0286, 0.0133, 0.0321, 0.0148, 0.0237, 0.0708, 0.0206, 0.0166, 0.0106]","케이크, 커피, 웨이팅, 추로스, 인테리어","((63, 51, 39), (100, 180, 100))",none,none,44,,0
25,베리블리스,"[0.0429, 0.0203, 0.0111, 0.0081, 0.0128, 0.0112, 0.0158, 0.024, 0.0177, 0.1297, 0.017, 0.0119, 0.0068, 0.031, 0.0085, 0.0211, 0.0084, 0.0485, 0.0146, 0.0059, 0.0164, 0.013, 0.0467, 0.0571, 0.0173, 0.0194, 0.0139, 0.0059, 0.0095, 0.0195, 0.0081, 0.0403, 0.0192, 0.0103, 0.0095, 0.0218, 0.0064, 0.0112, 0.0104, 0.0343, 0.0213, 0.0446, 0.0135, 0.0135, 0.0185, 0.0114, 0.0094, 0.0102]","수플레, 복숭아, 디저트, 딸기, 과제","((122, 102, 79), (200, 200, 100))",none,none,148,,0
26,베어스덴베이커리,"[0.0378, 0.0166, 0.0157, 0.0104, 0.0191, 0.0157, 0.0142, 0.0314, 0.0204, 0.0282, 0.0189, 0.0284, 0.0091, 0.0307, 0.0292, 0.0304, 0.0229, 0.0496, 0.0141, 0.0101, 0.0275, 0.0152, 0.0287, 0.0134, 0.0156, 0.0194, 0.017, 0.0456, 0.0158, 0.0181, 0.0106, 0.0306, 0.0102, 0.0133, 0.0099, 0.0201, 0.0129, 0.0117, 0.0118, 0.0178, 0.0162, 0.0596, 0.023, 0.0211, 0.0249, 0.0123, 0.0115, 0.013]","커피, 식빵, 분위기, 바삭, 맘모스","((63, 51, 39), (100, 150, 200))",none,none,49,맛있는 빵이 너무 많아서 뭘 사야 할지 고민이 너무 되더라고요 다음에는 식빵을 사 봐야겠어요.,1
27,브론시스,"[0.0307, 0.0135, 0.0096, 0.0151, 0.0123, 0.0111, 0.0104, 0.2087, 0.0094, 0.0363, 0.0148, 0.0137, 0.012, 0.0375, 0.0111, 0.0181, 0.0084, 0.0478, 0.0118, 0.0087, 0.0276, 0.0101, 0.0271, 0.0185, 0.0188, 0.0192, 0.0093, 0.0154, 0.014, 0.0154, 0.0103, 0.0227, 0.0081, 0.0076, 0.011, 0.0144, 0.0093, 0.0157, 0.0097, 0.0261, 0.0125, 0.0303, 0.0186, 0.0145, 0.0242, 0.0115, 0.0117, 0.0256]","타르트, 커피, 조용하고, 분위기, 선물","((202, 195, 183), (200, 200, 100))",none,none,3,,0
28,비온아넥스,"[0.0484, 0.0331, 0.0099, 0.0099, 0.0408, 0.0271, 0.0099, 0.0378, 0.0136, 0.0211, 0.0198, 0.0099, 0.0129, 0.0657, 0.011, 0.0279, 0.0113, 0.0358, 0.0099, 0.0099, 0.0263, 0.0131, 0.0643, 0.0156, 0.0221, 0.0163, 0.0197, 0.0099, 0.0099, 0.0099, 0.012, 0.0467, 0.0099, 0.0114, 0.0099, 0.0269, 0.0099, 0.0099, 0.0099, 0.0131, 0.0142, 0.0347, 0.0099, 0.0261, 0.0403, 0.0171, 0.015, 0.0099]","직원, 쾌적한, 작품, 메뉴, 테마","((122, 102, 79), (200, 200, 100))",none,none,5,,0
29,비포블루밍,"[0.0318, 0.0177, 0.0138, 0.0128, 0.0155, 0.0119, 0.0202, 0.0376, 0.0146, 0.0246, 0.0183, 0.0142, 0.0085, 0.0241, 0.0104, 0.0208, 0.0153, 0.0407, 0.013, 0.0088, 0.0201, 0.0106, 0.0312, 0.0704, 0.0304, 0.0158, 0.0091, 0.0085, 0.0149, 0.0195, 0.0096, 0.0704, 0.0088, 0.0108, 0.0096, 0.0257, 0.0275, 0.0098, 0.0141, 0.0421, 0.0227, 0.04, 0.0163, 0.0192, 0.0228, 0.0222, 0.0099, 0.0134]","케이크, 밀크티, 딸기, 크림, 휘낭시에","((157, 156, 151), (100, 180, 100))",none,none,49,케이크 맛있다고 얘기 많이 들어서 기대했는데 생각보다 실망했어요 가격에 비해 딸기가 하나도 안 달고 벽면 딸기가 진짜 얇아서 당황했어요 반 개까지는 안 바랐는데 진짜 너무 얇아서 딸기 맛도 안 날 정도 시트도 너무 축축하고 그래도 기념일이니까 모양은 예뻐서 다행이었어요.,3
30,샌드커피 논탄토 연남,"[0.0367, 0.0201, 0.0185, 0.0125, 0.0191, 0.0184, 0.0271, 0.0279, 0.0147, 0.0246, 0.0159, 0.0133, 0.0112, 0.0664, 0.0246, 0.0255, 0.0134, 0.0453, 0.0144, 0.0172, 0.0334, 0.0184, 0.0328, 0.0156, 0.0207, 0.0186, 0.0154, 0.0158, 0.0148, 0.0166, 0.0143, 0.0293, 0.0117, 0.0115, 0.0143, 0.026, 0.0159, 0.0128, 0.0128, 0.0234, 0.0173, 0.0212, 0.0248, 0.0198, 0.026, 0.0173, 0.0151, 0.0174]","카이막, 원두, 친구, 분위기, 마시멜로","((122, 102, 79), (100, 180, 100))",none,none,4,독특한 커피가 있는데 커피 만들어지는 걸 보기는 어려웠어요 주말에 사람 정말 많아요 오래 앉아있기 어려운 구조입니다.,1
31,센트럴사이트 연남점,"[0.0449, 0.0142, 0.0107, 0.0089, 0.0238, 0.0142, 0.0135, 0.0556, 0.0125, 0.0317, 0.0133, 0.0167, 0.0075, 0.0687, 0.0107, 0.0266, 0.0093, 0.0755, 0.0144, 0.0158, 0.0439, 0.0152, 0.0333, 0.0187, 0.026, 0.0175, 0.0126, 0.0073, 0.0171, 0.029, 0.0114, 0.0355, 0.0087, 0.0087, 0.0101, 0.0239, 0.0096, 0.0094, 0.01, 0.022, 0.0121, 0.027, 0.0361, 0.015, 0.0175, 0.0119, 0.0118, 0.0105]","커피, 티라미수, 분위기, 존맛탱, 친절하시고","((63, 51, 39), (100, 150, 200))",none,none,183,,0
32,소과당 홍대점,"[0.0315, 0.0151, 0.0141, 0.0083, 0.0151, 0.0162, 0.0184, 0.0192, 0.012, 0.0418, 0.0193, 0.0505, 0.0093, 0.0282, 0.0109, 0.0186, 0.009, 0.037, 0.0149, 0.008, 0.0861, 0.0155, 0.0441, 0.0773, 0.0187, 0.0172, 0.0163, 0.0084, 0.0124, 0.0137, 0.0086, 0.0274, 0.0099, 0.0102, 0.0094, 0.0227, 0.0096, 0.0113, 0.009, 0.0348, 0.0141, 0.0272, 0.0166, 0.015, 0.0275, 0.0112, 0.0124, 0.0161]","수플레, 푸딩, 빙수, 팬케이크, 분위기","((157, 156, 151), (200, 200, 100))",none,none,70,시킨 음료를 다 마셔 갈 때쯤 유리잔 바닥이 금이 가 있는 것을 발견했어요.,1
33,수택,"[0.0644, 0.0188, 0.0206, 0.0125, 0.0219, 0.0136, 0.0146, 0.0353, 0.0168, 0.0204, 0.0302, 0.0513, 0.0105, 0.0206, 0.0118, 0.02, 0.0202, 0.0491, 0.0153, 0.0093, 0.017, 0.012, 0.0327, 0.0211, 0.012, 0.0168, 0.0115, 0.009, 0.0122, 0.0191, 0.0094, 0.0295, 0.0447, 0.0129, 0.0094, 0.0341, 0.0212, 0.0135, 0.0139, 0.0271, 0.0207, 0.0209, 0.0154, 0.0205, 0.021, 0.0181, 0.0137, 0.0136]","푸딩, 파르페, 분위기, 디저트, 일본","((63, 51, 39), (100, 150, 200))",none,Spring,1,,0
34,슬릿,"[0.0303, 0.0158, 0.0157, 0.01, 0.0189, 0.016, 0.0101, 0.0292, 0.0139, 0.0299, 0.0151, 0.0136, 0.0114, 0.0464, 0.0161, 0.0145, 0.0091, 0.0608, 0.0119, 0.0108, 0.0282, 0.0127, 0.0338, 0.0414, 0.0176, 0.0273, 0.0155, 0.0078, 0.0261, 0.0101, 0.0088, 0.0717, 0.0078, 0.0097, 0.0081, 0.016, 0.0177, 0.0126, 0.0129, 0.0431, 0.019, 0.0279, 0.0302, 0.0198, 0.0334, 0.0095, 0.0152, 0.0166]","케이크, 커피, 밀크티, 디저트, 인테리어","((157, 156, 151), (100, 150, 200))",none,"Fall, Spring, Summer, Winter",6,제가 딸기 케이크를 사실 별로 안 좋아해요.,1
35,씨더라이트,"[0.0502, 0.0134, 0.0153, 0.0076, 0.0248, 0.0086, 0.0136, 0.0653, 0.0093, 0.0116, 0.0114, 0.0103, 0.0284, 0.0241, 0.0158, 0.0781, 0.0094, 0.0672, 0.0112, 0.0277, 0.0134, 0.0094, 0.0492, 0.0206, 0.0338, 0.037, 0.0071, 0.007, 0.0131, 0.0076, 0.0075, 0.0548, 0.0075, 0.0074, 0.0081, 0.0405, 0.0178, 0.0098, 0.0104, 0.0086, 0.0144, 0.0146, 0.0141, 0.0234, 0.0106, 0.0329, 0.0083, 0.0076]","게임, 직원, 암실, 추억, 이색데이트","((157, 156, 151), (200, 200, 100))",none,Summer,4,,0
36,아날로그가든,"[0.0861, 0.0202, 0.0182, 0.0139, 0.0192, 0.0169, 0.0179, 0.0238, 0.0142, 0.0244, 0.0147, 0.0154, 0.0096, 0.0556, 0.0149, 0.0196, 0.0122, 0.0804, 0.0177, 0.0103, 0.0154, 0.0134, 0.0231, 0.0197, 0.0203, 0.0144, 0.011, 0.0103, 0.0155, 0.0143, 0.0134, 0.0522, 0.0109, 0.0104, 0.012, 0.0198, 0.0137, 0.0117, 0.0125, 0.0139, 0.0159, 0.0343, 0.0296, 0.0146, 0.021, 0.013, 0.0238, 0.0148]","브런치, 커피, 분위기, 독특하고, 가든","((202, 195, 183), (100, 180, 100))",none,none,22,,0
37,아벨롭 홍대본점,"[0.0352, 0.019, 0.0129, 0.0162, 0.0295, 0.011, 0.0123, 0.0351, 0.0182, 0.0164, 0.0137, 0.0216, 0.008, 0.0281, 0.0114, 0.0483, 0.0111, 0.0917, 0.016, 0.0083, 0.0232, 0.0122, 0.0631, 0.0125, 0.0179, 0.0165, 0.0104, 0.0082, 0.0152, 0.0162, 0.01, 0.0422, 0.0096, 0.009, 0.0096, 0.0236, 0.0122, 0.0093, 0.01, 0.0165, 0.0123, 0.0574, 0.0207, 0.0209, 0.0321, 0.0117, 0.0214, 0.0122]","커피, 분위기, 인테리어, 깔끔해요, 베이커리","((122, 102, 79), (100, 150, 200))",none,none,48,남자 알바생인지 직원인지 모르겠는데 뭐 물어봐도 손짓으로 하고 매우 불친절하더라고요 기분 별로였어요??.,1
38,아오이토리,"[0.0295, 0.0148, 0.0147, 0.0141, 0.016, 0.0194, 0.0179, 0.0278, 0.0155, 0.0264, 0.0155, 0.0266, 0.0118, 0.0189, 0.0158, 0.0214, 0.049, 0.0386, 0.0136, 0.0157, 0.0185, 0.0158, 0.0209, 0.0157, 0.0154, 0.0183, 0.0121, 0.0575, 0.014, 0.0206, 0.0143, 0.0282, 0.0402, 0.0166, 0.0119, 0.0179, 0.0148, 0.0141, 0.0145, 0.034, 0.0256, 0.047, 0.0182, 0.0147, 0.0143, 0.014, 0.0126, 0.0153]","야끼소바, 일본, 빵집, 메론빵, 새우","((202, 195, 183), (100, 150, 200))",none,none,12,,0
39,앤티크커피 연남점,"[0.0469, 0.0222, 0.0104, 0.01, 0.0142, 0.0125, 0.0141, 0.0383, 0.0126, 0.0275, 0.0144, 0.0165, 0.0234, 0.0476, 0.0097, 0.0261, 0.0102, 0.087, 0.0157, 0.0097, 0.017, 0.0127, 0.0505, 0.0141, 0.0189, 0.0183, 0.012, 0.009, 0.02, 0.0145, 0.0162, 0.0424, 0.0085, 0.0093, 0.0168, 0.0331, 0.0095, 0.0141, 0.01, 0.0223, 0.014, 0.0475, 0.0176, 0.0193, 0.0203, 0.0129, 0.013, 0.0169]","커피, 디저트, 크림, 고급스러워요, 편하게","((157, 156, 151), (200, 200, 100))",none,none,7,,0
40,언더플로어,"[0.0446, 0.0211, 0.0165, 0.0097, 0.0187, 0.0137, 0.0222, 0.0505, 0.0101, 0.0191, 0.0182, 0.0145, 0.0089, 0.0482, 0.013, 0.0207, 0.0148, 0.1325, 0.0208, 0.0089, 0.0227, 0.0124, 0.0309, 0.0214, 0.0177, 0.0167, 0.0203, 0.01, 0.0093, 0.0147, 0.01, 0.0384, 0.0095, 0.0111, 0.0115, 0.0216, 0.0116, 0.0093, 0.0099, 0.0333, 0.0117, 0.0211, 0.0204, 0.0219, 0.0202, 0.0098, 0.0147, 0.0111]","분위기, 스타일, 지하, 더티초코, 디저트","((63, 51, 39), (200, 200, 100))",none,"Fall, Winter",3,,0
41,언플러그드 홍대,"[0.0312, 0.0238, 0.0617, 0.0103, 0.0207, 0.0103, 0.0127, 0.0192, 0.0122, 0.0142, 0.0163, 0.0201, 0.0103, 0.1135, 0.019, 0.0188, 0.0117, 0.0824, 0.0103, 0.0103, 0.0274, 0.0103, 0.0149, 0.0103, 0.0117, 0.0146, 0.0164, 0.024, 0.0182, 0.0164, 0.0164, 0.0512, 0.0103, 0.0103, 0.0122, 0.0152, 0.0167, 0.0103, 0.0122, 0.0103, 0.0199, 0.0257, 0.0207, 0.0166, 0.0195, 0.0116, 0.0126, 0.0158]","분위기, 공연, 취향, 귀여운, 강아지","((63, 51, 39), (200, 200, 100))",none,none,1,,0
42,에브리데이해피벌스데이,"[0.0647, 0.0197, 0.0229, 0.0122, 0.0188, 0.0108, 0.0128, 0.0231, 0.0215, 0.0291, 0.012, 0.0151, 0.0091, 0.0291, 0.0104, 0.0221, 0.0095, 0.068, 0.0106, 0.0083, 0.0288, 0.012, 0.0671, 0.0214, 0.0164, 0.0121, 0.0122, 0.0082, 0.0093, 0.0115, 0.0106, 0.0822, 0.0085, 0.0137, 0.0105, 0.0186, 0.0096, 0.0121, 0.0105, 0.0195, 0.014, 0.0214, 0.0166, 0.0281, 0.0412, 0.0162, 0.0152, 0.0229]","생일, 디저트, 커피, 분위기, 화장실","((122, 102, 79), (100, 150, 200))",none,none,37,리뷰에 전 남친 토스트가 많아서 시켰는데 다른 거 시킬 걸 후회함 바닐라라테는 생각보다 안 달아요 단 거 원하시면 다른 거 드세요 아인슈페너는 존맛임 딸기빙수 시킬 걸 후회가 돼서 대기하다가 자리 난 순서대로 들어가는데 가운데 테이블 앉았음 근데 이 테이블이 네모난 테이블인데 둘씩 네 팀이 앉음 레알 옆자리에서 얘기하는 게 너무 잘 들려서 걍 금방 먹고 나왔음 서로의 얼굴만 보고 싶다면 이 자리도 추천합니다 ^_^ 네 팀이서 얘기하고 싶으시다면 추천 .,1
43,오퍼 카페,"[0.0439, 0.0382, 0.0132, 0.0097, 0.0148, 0.0108, 0.013, 0.0399, 0.0131, 0.0289, 0.0156, 0.0343, 0.008, 0.035, 0.0119, 0.0391, 0.011, 0.0769, 0.0164, 0.0078, 0.018, 0.0127, 0.0566, 0.0208, 0.0181, 0.0194, 0.0119, 0.0098, 0.0133, 0.0121, 0.0143, 0.0405, 0.0076, 0.0105, 0.0102, 0.019, 0.009, 0.0096, 0.0094, 0.0198, 0.0149, 0.0602, 0.0191, 0.0151, 0.0263, 0.0157, 0.0125, 0.0121]","디저트, 분위기, 베이커리, 커피, 퀸아망","((122, 102, 79), (100, 150, 200))",none,none,8,보는 것보단 맛은 아쉬워요 패스트리가 너무 딱딱한 느낌 7900원인데 커피값도 가격 대비 비싼 느낌 두 번 방문은 안 할 것 같아요 매장은 예뻐요.,1
44,우마이 당고,"[0.0461, 0.0133, 0.0224, 0.0091, 0.0172, 0.0159, 0.0149, 0.0337, 0.011, 0.0139, 0.0136, 0.0197, 0.0092, 0.0198, 0.0115, 0.0245, 0.0111, 0.0408, 0.0202, 0.0089, 0.0163, 0.018, 0.0547, 0.0138, 0.0189, 0.0109, 0.0113, 0.0093, 0.011, 0.0103, 0.0121, 0.0288, 0.0225, 0.0125, 0.0103, 0.0239, 0.179, 0.0103, 0.0104, 0.0156, 0.0135, 0.0255, 0.0132, 0.0118, 0.0222, 0.0126, 0.014, 0.0106]","당고, 일본, 친절하시고, 귀엽고, 한겨울","((157, 156, 151), (200, 200, 100))",none,none,348,"이름대로 ""우마이!"" 당고였습니다! 일본 여행 갈 돈 아꼈어요 .",2
45,이미커피,"[0.0505, 0.0115, 0.0172, 0.0158, 0.0139, 0.0142, 0.0142, 0.0293, 0.0179, 0.0263, 0.0143, 0.0124, 0.0081, 0.0586, 0.0111, 0.0286, 0.0106, 0.0483, 0.0091, 0.0107, 0.0196, 0.0127, 0.0336, 0.0183, 0.0165, 0.021, 0.0112, 0.0092, 0.0161, 0.0161, 0.011, 0.0452, 0.0099, 0.0098, 0.0112, 0.0548, 0.0104, 0.0163, 0.0096, 0.0201, 0.0806, 0.0287, 0.0155, 0.026, 0.0132, 0.0124, 0.0117, 0.0164]","커피, 디저트, 페어링, 테이크아웃, 연해서","((202, 195, 183), (100, 150, 200))",none,none,12,에그 노그는 에그 푸딩 녹인 맛? 뱅쇼논알콜은 달달했는데 알코올은 덜 달다 해서 보틀 구매 시음회까지 해서 한 시간 가까이 기다렸다.,1
46,인마이룸 연남,"[0.0643, 0.0269, 0.0183, 0.0104, 0.0155, 0.0183, 0.0101, 0.019, 0.0148, 0.0192, 0.0268, 0.0205, 0.0087, 0.023, 0.0085, 0.0264, 0.0092, 0.1071, 0.0099, 0.0085, 0.0164, 0.0145, 0.0844, 0.0113, 0.0207, 0.0144, 0.0147, 0.0082, 0.0108, 0.0202, 0.008, 0.0417, 0.0081, 0.0105, 0.0078, 0.0231, 0.0089, 0.0095, 0.0093, 0.0205, 0.0113, 0.0293, 0.0228, 0.0171, 0.0514, 0.0136, 0.0142, 0.0118]","디저트, 분위기, 인테리어, 커피, 동물성","((122, 102, 79), (200, 200, 100))",hot,none,18,,0
47,일쩜오플로어,"[0.04, 0.0145, 0.0149, 0.0153, 0.0145, 0.0126, 0.0156, 0.0557, 0.0168, 0.0309, 0.0154, 0.0105, 0.0092, 0.0244, 0.0102, 0.0223, 0.013, 0.0325, 0.0186, 0.0096, 0.0247, 0.0126, 0.0246, 0.0132, 0.0152, 0.0213, 0.0132, 0.0116, 0.013, 0.0185, 0.0148, 0.0294, 0.0094, 0.0114, 0.0118, 0.0294, 0.0092, 0.0722, 0.0152, 0.0547, 0.0387, 0.0349, 0.0134, 0.0186, 0.0213, 0.0213, 0.0153, 0.0146]","마카롱, 과일, 달아서, 딸기, 크레이프롤","((157, 156, 151), (100, 150, 200))",none,none,2,,0
48,자연도소금빵in연남,"[0.0281, 0.0263, 0.0165, 0.0126, 0.0215, 0.0178, 0.0167, 0.0298, 0.0226, 0.0329, 0.0186, 0.0153, 0.0122, 0.0248, 0.01, 0.029, 0.019, 0.0125, 0.0189, 0.0105, 0.0234, 0.013, 0.0132, 0.0124, 0.0175, 0.0185, 0.01, 0.0198, 0.0152, 0.0128, 0.0131, 0.0302, 0.013, 0.0101, 0.0116, 0.0172, 0.0228, 0.0171, 0.0168, 0.0229, 0.0147, 0.1376, 0.0224, 0.0181, 0.0151, 0.0262, 0.0229, 0.0167]","소금빵, 버터, 냄새, 포장, 깔끔하니","((157, 156, 151), (200, 200, 100))",hot,none,25,비쌉디다.,4
49,작당모의,"[0.056, 0.0211, 0.0131, 0.0127, 0.0149, 0.0188, 0.014, 0.0558, 0.0162, 0.0322, 0.0124, 0.0128, 0.0106, 0.0293, 0.0128, 0.0196, 0.0097, 0.0752, 0.0149, 0.0119, 0.0214, 0.015, 0.0489, 0.0238, 0.022, 0.0205, 0.0108, 0.01, 0.0174, 0.0161, 0.0158, 0.0374, 0.0093, 0.0129, 0.0108, 0.0229, 0.0104, 0.0129, 0.0115, 0.0241, 0.0289, 0.0266, 0.0171, 0.0212, 0.0244, 0.0169, 0.0151, 0.012]","디저트, 커피, 분위기, 평범했던, 티라미수","((122, 102, 79), (100, 180, 100))",none,none,11,비주얼만 예쁘고 맛은 없어요.,3
50,작업실01,"[0.0501, 0.0264, 0.0197, 0.0116, 0.0169, 0.0203, 0.0098, 0.0438, 0.0102, 0.0164, 0.0243, 0.0135, 0.0164, 0.0456, 0.0115, 0.0227, 0.0079, 0.0673, 0.0117, 0.0101, 0.0133, 0.015, 0.0212, 0.012, 0.017, 0.0321, 0.0175, 0.009, 0.0198, 0.0127, 0.013, 0.0541, 0.0093, 0.0094, 0.0113, 0.0327, 0.0093, 0.0215, 0.0085, 0.0261, 0.0174, 0.0333, 0.0489, 0.0271, 0.0155, 0.0137, 0.0137, 0.0093]","분위기, 작업, 커피, 크림, 멋진","((202, 195, 183), (100, 180, 100))",none,none,2,,0
51,저스트단비 크레페 홍대점,"[0.0362, 0.0205, 0.0149, 0.0105, 0.017, 0.0173, 0.0133, 0.0214, 0.0154, 0.0291, 0.0159, 0.0109, 0.0094, 0.0253, 0.0119, 0.015, 0.0106, 0.0331, 0.0351, 0.0084, 0.0162, 0.013, 0.0431, 0.0136, 0.0207, 0.0151, 0.1147, 0.0102, 0.0151, 0.0154, 0.0137, 0.0295, 0.0116, 0.0095, 0.0102, 0.0809, 0.0118, 0.0182, 0.0101, 0.0226, 0.0156, 0.0252, 0.0161, 0.0146, 0.0198, 0.0175, 0.0139, 0.0108]","크레페, 크림, 종이, 분위기, 크림브륄레","((63, 51, 39), (100, 150, 200))",none,none,47,생각보다는 덜 맛있었다 역시 누텔라가 최고야! 매장이 너무 좁아서 앉기는 힘들었음.,1
52,쥬리스 크림하우스 연남,"[0.0429, 0.0196, 0.0318, 0.0136, 0.0146, 0.0137, 0.0099, 0.0277, 0.0162, 0.0255, 0.0193, 0.0221, 0.0085, 0.0313, 0.0105, 0.0272, 0.011, 0.0677, 0.0135, 0.0075, 0.0152, 0.0114, 0.0678, 0.0192, 0.0184, 0.0147, 0.0119, 0.008, 0.0157, 0.0135, 0.0091, 0.0421, 0.0134, 0.0113, 0.009, 0.0479, 0.01, 0.0104, 0.0111, 0.0338, 0.0164, 0.0328, 0.0179, 0.0236, 0.0346, 0.0184, 0.0152, 0.0132]","디저트, 크림, 컵케이크, 깜찍해요, 인테리어","((63, 51, 39), (200, 50, 50))",none,none,33,,0
53,카페 가비애,"[0.0356, 0.0158, 0.0122, 0.0119, 0.0143, 0.0232, 0.014, 0.045, 0.0127, 0.0291, 0.0133, 0.0166, 0.0109, 0.0799, 0.0168, 0.0228, 0.012, 0.0415, 0.018, 0.0164, 0.0438, 0.0128, 0.0211, 0.0185, 0.0288, 0.0205, 0.013, 0.011, 0.0202, 0.0153, 0.0152, 0.0347, 0.0106, 0.0121, 0.0138, 0.02, 0.0147, 0.0134, 0.0117, 0.0208, 0.0205, 0.0344, 0.0251, 0.0266, 0.013, 0.0158, 0.0141, 0.0169]","커피, 라인업, 분위기, 공부, 마들렌","((157, 156, 151), (100, 180, 100))",none,none,4,먹느라 바빠서 그만 커피는 엄청 연하네요.,1
54,카페 공명 연남점,"[0.0501, 0.0343, 0.0119, 0.0093, 0.014, 0.0125, 0.0119, 0.0327, 0.0133, 0.023, 0.0143, 0.017, 0.0095, 0.0432, 0.0112, 0.0405, 0.0094, 0.0953, 0.0199, 0.0114, 0.0194, 0.0179, 0.0514, 0.0174, 0.0138, 0.025, 0.0149, 0.0093, 0.0138, 0.0155, 0.0154, 0.0369, 0.0139, 0.0095, 0.0108, 0.0206, 0.0117, 0.0132, 0.01, 0.0157, 0.0127, 0.0451, 0.0233, 0.023, 0.0203, 0.0133, 0.0114, 0.0102]","디저트, 커피, 넓고, 캐러멜, 한가해서","((122, 102, 79), (100, 180, 100))",none,none,554,너무 맛이 머요.,4
55,카페 장쌤,"[0.1336, 0.02, 0.0125, 0.0123, 0.016, 0.0142, 0.0192, 0.0349, 0.0114, 0.0314, 0.0189, 0.0182, 0.0096, 0.0235, 0.0122, 0.016, 0.0129, 0.0253, 0.014, 0.0096, 0.016, 0.0158, 0.046, 0.0201, 0.0181, 0.0161, 0.0104, 0.016, 0.0144, 0.0315, 0.0106, 0.043, 0.0098, 0.0105, 0.0129, 0.0203, 0.0105, 0.0133, 0.0159, 0.0341, 0.0148, 0.028, 0.0304, 0.0172, 0.0201, 0.0138, 0.0123, 0.0123]","다쿠아즈, 디저트, 딸기, 케이크, 이쁘고","((63, 51, 39), (200, 200, 100))",none,none,14,,0
56,카페그랑주,"[0.0514, 0.0223, 0.0128, 0.0173, 0.0156, 0.0223, 0.0132, 0.0305, 0.012, 0.0178, 0.0173, 0.0147, 0.0106, 0.0335, 0.0137, 0.024, 0.0129, 0.0559, 0.0139, 0.0125, 0.0218, 0.017, 0.0264, 0.0198, 0.0169, 0.0337, 0.021, 0.0107, 0.0155, 0.0141, 0.0107, 0.0432, 0.0673, 0.0117, 0.012, 0.021, 0.0102, 0.0126, 0.0116, 0.0224, 0.0211, 0.0346, 0.0167, 0.0216, 0.0181, 0.0183, 0.0152, 0.0103]","파르페, 커피, 따듯, 크로와상, 분위기","((202, 195, 183), (200, 200, 100))",none,none,5,,0
57,카페꼼마 홍대점,"[0.0345, 0.0191, 0.0154, 0.012, 0.0191, 0.017, 0.0179, 0.0459, 0.0124, 0.0266, 0.0157, 0.0156, 0.0108, 0.0517, 0.0126, 0.0272, 0.0143, 0.0538, 0.0168, 0.0107, 0.0289, 0.0179, 0.0341, 0.0198, 0.0232, 0.0244, 0.0136, 0.0109, 0.014, 0.0209, 0.0136, 0.0398, 0.0118, 0.0144, 0.0133, 0.0192, 0.0122, 0.0131, 0.0148, 0.014, 0.0403, 0.0353, 0.0166, 0.0221, 0.0205, 0.0169, 0.0125, 0.0127]","디저트, 커피, 분위기, 케이크, 콜드브루","((202, 195, 183), (200, 200, 100))",none,none,4,,0
58,커피 벌스데이,"[0.0358, 0.0164, 0.017, 0.011, 0.0244, 0.0149, 0.0184, 0.0299, 0.0143, 0.0173, 0.0303, 0.0166, 0.0077, 0.0351, 0.0129, 0.024, 0.0088, 0.054, 0.0152, 0.0075, 0.0232, 0.012, 0.0315, 0.0158, 0.0293, 0.0169, 0.0108, 0.008, 0.014, 0.0172, 0.0137, 0.0915, 0.0075, 0.0094, 0.0103, 0.0258, 0.0107, 0.0097, 0.0136, 0.0304, 0.0172, 0.032, 0.0236, 0.0301, 0.0385, 0.0144, 0.0165, 0.0147]","케이크, 분위기, 달달, 커피, 인테리어","((63, 51, 39), (100, 180, 100))",none,none,2,,0
59,콘하스 연남점,"[0.0386, 0.0301, 0.0163, 0.0138, 0.0204, 0.0121, 0.0175, 0.0528, 0.017, 0.0207, 0.0147, 0.0159, 0.0102, 0.0474, 0.014, 0.0476, 0.0098, 0.0636, 0.0128, 0.0106, 0.0224, 0.0164, 0.0286, 0.0215, 0.0225, 0.0348, 0.0143, 0.011, 0.0203, 0.0158, 0.0136, 0.0376, 0.0099, 0.0109, 0.0127, 0.0238, 0.0116, 0.0127, 0.0111, 0.0136, 0.0157, 0.0275, 0.0331, 0.0168, 0.017, 0.0143, 0.0122, 0.0124]","커피, 분위기, 넓고, 수영장, 베이커리","((157, 156, 151), (100, 150, 200))",none,none,4,12월 9일 평일 오랜만에 왔고 초콜릿 라테 6천 원짜리 한입도 안 먹은 건데 양이 받고 당황스러웠네요 반밖에 안 차 있어요 원래 이런 거겠죠?.,1
60,키친205 홍대점,"[0.0287, 0.018, 0.0122, 0.0115, 0.0124, 0.0122, 0.0266, 0.0466, 0.0131, 0.0219, 0.0165, 0.0104, 0.008, 0.0177, 0.0125, 0.018, 0.0103, 0.03, 0.0117, 0.0092, 0.0139, 0.0117, 0.0227, 0.0459, 0.0315, 0.0146, 0.009, 0.0089, 0.0179, 0.0296, 0.0133, 0.0791, 0.0121, 0.0122, 0.0106, 0.0283, 0.0095, 0.0121, 0.0108, 0.0849, 0.0315, 0.0241, 0.0203, 0.0218, 0.0179, 0.0357, 0.01, 0.0123]","케이크, 딸기케이크, 예약, 키친, 생크림","((202, 195, 183), (100, 180, 100))",hot,none,53,케이크 먹으려고 자르자마자 실뭉치가 케이크 안에 박혀 있음 이게 뭐야 하고 빼보니까 플라스틱 가닥인지 털실인지 모를 것이 나왔음 딱 처음 자르자마자 나온 거 보니 곳곳에 더 있을지 모른다는 생각에 매우 불안함 + 찝찝함 + 기분 나쁨에 기념일 분위기 안 좋아짐 다음부턴 주의해 달라 톡톡으로 글 남겼는데 아무런 반응 없으심 .,4
61,토라비,"[0.0367, 0.0177, 0.0149, 0.0169, 0.0135, 0.0215, 0.0136, 0.0327, 0.0165, 0.0225, 0.0254, 0.0128, 0.0108, 0.0388, 0.0148, 0.027, 0.0145, 0.0744, 0.021, 0.0111, 0.0257, 0.0108, 0.0329, 0.0155, 0.0261, 0.022, 0.0159, 0.0114, 0.0189, 0.0177, 0.0128, 0.0422, 0.0108, 0.0131, 0.012, 0.0238, 0.0147, 0.0126, 0.0113, 0.0252, 0.0207, 0.0274, 0.0182, 0.0167, 0.034, 0.0139, 0.0196, 0.0168]","파블로바, 분위기, 케이크, 머랭, 평타","((63, 51, 39), (100, 180, 100))",none,"Summer, Winter",0,,0
62,팻어케이크 연남점,"[0.0254, 0.0171, 0.0114, 0.0059, 0.013, 0.008, 0.0119, 0.0403, 0.01, 0.03, 0.0309, 0.0152, 0.0095, 0.0272, 0.0059, 0.0251, 0.016, 0.0339, 0.0161, 0.0059, 0.0222, 0.0113, 0.0497, 0.0248, 0.0321, 0.0093, 0.0108, 0.0059, 0.02, 0.0163, 0.0125, 0.075, 0.0059, 0.0085, 0.0094, 0.0264, 0.0074, 0.013, 0.0083, 0.0563, 0.0132, 0.0404, 0.0301, 0.0425, 0.0386, 0.0208, 0.0181, 0.0126]","케이크, 사랑, 커피, 디저트, 초코","((157, 156, 151), (200, 200, 100))",none,none,16,당일 케이크 구매해서 샀는데 매장이 정신없어 보이더라고요 1호로 주문하고 급하게 가느라 확인 안 했는데 1호 사이즈가 원래 이렇게 작은가요? 진열되어 있던 거랑 사진으로 비교하는데 차이가 너무 나는 것 같아 좀 당황스러워서요 제가 산 건 가장 밑에 4만 8천 원짜리인데 막상 받은 건 3만 7천 원짜리 같은데 아니겠죠? 맞게 주신 거이길 바라며.,1
63,포포브레드,"[0.0699, 0.0234, 0.014, 0.0109, 0.0153, 0.0127, 0.0166, 0.0374, 0.0122, 0.0278, 0.0177, 0.0311, 0.0097, 0.0177, 0.0124, 0.0197, 0.0322, 0.034, 0.0229, 0.0114, 0.0162, 0.0112, 0.0156, 0.0286, 0.0142, 0.0184, 0.0112, 0.0401, 0.0223, 0.0256, 0.0153, 0.0253, 0.0143, 0.0287, 0.0134, 0.0199, 0.015, 0.0186, 0.0111, 0.021, 0.0153, 0.0618, 0.0189, 0.0131, 0.0146, 0.0124, 0.0112, 0.0178]","비건, 빵집, 치아바타,응대, 큼직한","((122, 102, 79), (100, 150, 200))",none,none,0,,0
64,퐁포네뜨,"[0.0246, 0.0168, 0.0108, 0.0109, 0.014, 0.0148, 0.0219, 0.0343, 0.0133, 0.0221, 0.0208, 0.0121, 0.0097, 0.0214, 0.0141, 0.0167, 0.0112, 0.028, 0.0174, 0.0124, 0.0148, 0.0113, 0.0245, 0.0747, 0.0311, 0.0162, 0.0128, 0.0098, 0.0175, 0.026, 0.0133, 0.0647, 0.0098, 0.0113, 0.0114, 0.0177, 0.0118, 0.0137, 0.0187, 0.1018, 0.0228, 0.0221, 0.0152, 0.0153, 0.0252, 0.0165, 0.0111, 0.0116]","케이크, 딸기, 생크림, 달콤하진, 부드럽고","((63, 51, 39), (100, 150, 200))",none,none,13,,0
65,푸하하크림빵,"[0.0208, 0.0171, 0.0153, 0.0152, 0.0133, 0.0142, 0.0185, 0.0354, 0.0152, 0.0317, 0.016, 0.0135, 0.0127, 0.0177, 0.0937, 0.0212, 0.0153, 0.0224, 0.0144, 0.0121, 0.0176, 0.0156, 0.0178, 0.02, 0.0174, 0.016, 0.019, 0.014, 0.019, 0.0193, 0.0129, 0.0241, 0.0126, 0.0124, 0.0128, 0.0445, 0.0147, 0.0128, 0.0173, 0.0369, 0.023, 0.065, 0.0147, 0.0178, 0.0171, 0.0169, 0.0136, 0.0199]","크림빵, 소금, 실망, 말차, 느끼해요","((157, 156, 151), (200, 200, 100))",none,none,2,,0
66,필로베이커리,"[0.0314, 0.0169, 0.028, 0.012, 0.0134, 0.013, 0.0163, 0.0272, 0.0106, 0.0285, 0.012, 0.0484, 0.0074, 0.0213, 0.0119, 0.0252, 0.0094, 0.0516, 0.0133, 0.008, 0.0197, 0.0121, 0.0676, 0.0224, 0.0526, 0.0109, 0.0178, 0.0091, 0.0173, 0.0178, 0.008, 0.035, 0.0115, 0.0109, 0.0078, 0.0265, 0.0159, 0.0176, 0.0196, 0.0213, 0.013, 0.0365, 0.0114, 0.0204, 0.0358, 0.0165, 0.0201, 0.0185]","디저트, 설탕, 카놀리, 음료, 이쁘고","((157, 156, 151), (100, 150, 200))",none,none,3,디저트도 다양하고 가게도 넓고 다 좋은데 이용 시간 두 시간에 뭐 목숨 거신 것처럼 자꾸 오셔서 두 시간이용 제한이라고 말씀하시더라고요? 들어온 지 한 시간도 안 지난 거 같은데 두 시간도 넘게 계속 찾아오셔서 말씀하시길래 카드 결제 시간까지 알아봤네요 매장에 대기하고 있는 사람도 없었고 좌석도 남아있는 상황이었는데 그렇게까지 말씀 하셔야 했나요? 디른 이유가 있었다면 제대로 말씀해 주지 그러셨어요 상냥하게 화 안 내고 말씀하신다고 불쾌하지 않은 건 아니겠습니까 정작 주문할 땐 손님들 앞에 서 있는데 기다려 달라는 말 한마디 안 하시고 멀뚱하게 세워 두시고는 계속 다른 일 하,2
67,하우스오브바이닐 연남점,"[0.0367, 0.0104, 0.0113, 0.0078, 0.0168, 0.0078, 0.0148, 0.0482, 0.0094, 0.0236, 0.0233, 0.0165, 0.0085, 0.0164, 0.0172, 0.0281, 0.0097, 0.0802, 0.0146, 0.0115, 0.0195, 0.0169, 0.0234, 0.0105, 0.0198, 0.0167, 0.0095, 0.0168, 0.0134, 0.0189, 0.0078, 0.117, 0.0187, 0.009, 0.0131, 0.0142, 0.0086, 0.0399, 0.0078, 0.0173, 0.018, 0.0275, 0.0308, 0.0232, 0.0309, 0.0087, 0.0203, 0.009]","분위기, 음악, 커피, 인테리어, 메뉴","((157, 156, 151), (200, 200, 100))",none,Winter,0,,0
68,해머스 연남본점,"[0.0849, 0.0149, 0.0139, 0.0114, 0.022, 0.0451, 0.0212, 0.0296, 0.0177, 0.0239, 0.0256, 0.0144, 0.0116, 0.0328, 0.0138, 0.0221, 0.0164, 0.0315, 0.0214, 0.0085, 0.0163, 0.0144, 0.0326, 0.0182, 0.0129, 0.0157, 0.0106, 0.0102, 0.0181, 0.0153, 0.0154, 0.0374, 0.0194, 0.0112, 0.0132, 0.0282, 0.0127, 0.0444, 0.0109, 0.0155, 0.0165, 0.0266, 0.0183, 0.0153, 0.0238, 0.0121, 0.02, 0.0124]","샌드위치, 잠봉뵈르, 깔끔했네요, 친절하셔서, 인테리어","((157, 156, 151), (200, 200, 100))",none,none,11,,0
69,해피니스디저트 홍대점,"[0.0211, 0.0081, 0.0226, 0.0081, 0.0178, 0.0139, 0.0545, 0.0242, 0.0081, 0.0126, 0.0081, 0.0321, 0.0081, 0.0583, 0.0081, 0.0204, 0.0185, 0.0269, 0.0094, 0.0081, 0.0499, 0.0081, 0.0928, 0.0329, 0.0194, 0.0145, 0.0081, 0.0081, 0.0114, 0.0246, 0.0214, 0.0533, 0.0101, 0.0095, 0.0081, 0.0171, 0.0081, 0.0081, 0.0081, 0.0304, 0.0202, 0.0337, 0.0159, 0.0171, 0.0509, 0.0081, 0.0133, 0.0081]","밀크티, 푸딩, 토핑, 말차, 빙수","((157, 156, 151), (100, 150, 200))",none,none,1,,0
70,히트커피로스터스 서교,"[0.042, 0.0143, 0.0137, 0.0155, 0.0158, 0.0139, 0.0194, 0.0205, 0.0135, 0.0295, 0.0146, 0.0456, 0.0097, 0.059, 0.0121, 0.0266, 0.0103, 0.0511, 0.0129, 0.0106, 0.0379, 0.0175, 0.0288, 0.0245, 0.0287, 0.0201, 0.0181, 0.0091, 0.0141, 0.0174, 0.0193, 0.0345, 0.0091, 0.0103, 0.0147, 0.0257, 0.0114, 0.0094, 0.0109, 0.0342, 0.0215, 0.0217, 0.0304, 0.0262, 0.0163, 0.0141, 0.0133, 0.0101]","커피, 푸딩, 다이어트, 라테, 신선했음","((63, 51, 39), (100, 180, 100))",none,none,4,,0
